"","Az","CIPRO","ESBL"
"10",0.0158730158730159,0.158730158730159,0.0158730158730159
"9",0.0961538461538462,0.130494505494506,0.070054945054945
"8",0.238317757009346,0.210280373831776,0.408878504672897
"7",0.00359712230215827,0.0413669064748201,0.0629496402877698
"6",0.333333333333333,0.5625,0.567708333333333
"5",0,0,0
"4",0.0726256983240224,0.80586592178771,0.113128491620112
"3",0,0,0
"2",0,0,0
"1",0.953617810760668,0.996289424860853,0.0148423005565863
