"","Travel","STN","non-STN"
"1",0.0111317254174397,0.98886827458256,0
"2",0.325,0.275,0.4
"3",0.418604651162791,0,0.581395348837209
"4",0.41340782122905,0.0712290502793296,0.51536312849162
"5",0.235294117647059,0,0.764705882352941
"6",0.364583333333333,0.0104166666666667,0.625
"7",0.26978417266187,0,0.73021582733813
"8",0.299065420560748,0.357476635514019,0.343457943925234
"9",0.328296703296703,0.195054945054945,0.476648351648352
"10",0.412698412698413,0.206349206349206,0.380952380952381
